State,County,Name,Population,Median Age,Household Income,Per Capita Income,Poverty Count,Poverty Rate,Unemployment Rate,Employed_age16+_civilian,Employed_male,Financial_managers_male,Male_business_operations,Financial_specialists_male,Accountants_&_auditors_male,Computer_male,Male_data_scientits,Software_devops_male,Database_&_system_male,Employed_female,Financial_managers_female,Female_business_operations,Financial_specialists_female,Accountants_&_auditors_female,Computer_female,Female_data_scientits,Software_devops_female,Database_&_system_female,Information_age16+_total,Finance_and_insurance,Real_estate,Year
36,005,"Bronx County, New York",1455444.0,33.6,35176.0,18880.0,432177.0,29.69382538936572,4.962197102739783,412292.0,221150.0,323.0,2188.0,2852.0,1856.0,5192.0,715.0,1484.0,259.0,191142.0,2061.0,9063.0,3929.0,2186.0,1402.0,146.0,370.0,187.0,49735.0,58408.0,40829.0,2015
36,047,"Kings County, New York",2636735.0,34.7,51141.0,28898.0,582808.0,22.103396814621114,3.8593563630778216,866632.0,459862.0,5339.0,11819.0,10096.0,6447.0,19653.0,2622.0,10376.0,1825.0,406770.0,3419.0,24991.0,11658.0,7740.0,5038.0,856.0,3114.0,486.0,70623.0,82153.0,50572.0,2015
36,061,"New York County, New York",1644518.0,36.8,75575.0,67255.0,280406.0,17.05095353167311,3.6118789821698516,664093.0,354913.0,14337.0,16888.0,22486.0,7331.0,21368.0,5584.0,10863.0,875.0,309180.0,6995.0,27349.0,11651.0,7083.0,6230.0,1951.0,2480.0,258.0,91561.0,152425.0,70052.0,2015
36,081,"Queens County, New York",2339150.0,38.1,60422.0,27778.0,318154.0,13.601265416924951,3.5916892888442384,839195.0,475530.0,4283.0,8735.0,13864.0,8852.0,16614.0,1969.0,6142.0,1844.0,363665.0,4905.0,19623.0,14109.0,9878.0,4546.0,1108.0,2016.0,252.0,61312.0,70638.0,45906.0,2015
36,085,"Richmond County, New York",474558.0,39.8,71622.0,31284.0,67312.0,14.18414608962445,2.4920030849759143,155243.0,86214.0,1070.0,1582.0,2924.0,1308.0,3445.0,260.0,1234.0,512.0,69029.0,1368.0,4083.0,2988.0,1752.0,719.0,105.0,330.0,36.0,47398.0,80242.0,49748.0,2015
