State,County,Name,Population,Median Age,Household Income,Per Capita Income,Poverty Count,Poverty Rate,Unemployment Rate,Employed_age16+_civilian,Employed_male,Financial_managers_male,Male_business_operations,Financial_specialists_male,Accountants_&_auditors_male,Computer_male,Male_data_scientits,Software_devops_male,Database_&_system_male,Employed_female,Financial_managers_female,Female_business_operations,Financial_specialists_female,Accountants_&_auditors_female,Computer_female,Female_data_scientits,Software_devops_female,Database_&_system_female,Information_age16+_total,Finance_and_insurance,Real_estate,Year
36,005,"Bronx County, New York",1418733.0,33.3,33009.0,17907.0,425977.0,30.025170345653482,6.634088302732086,383329.0,201847.0,460.0,2937.0,1974.0,1540.0,3241.0,260.0,728.0,503.0,181482.0,654.0,7073.0,4596.0,2356.0,721.0,327.0,0.0,112.0,47418.0,51529.0,40117.0,2013
36,047,"Kings County, New York",2592149.0,34.4,47520.0,26641.0,599001.0,23.108278112099267,5.208111107810546,824027.0,436115.0,3085.0,9672.0,10765.0,7219.0,17825.0,2250.0,9112.0,1607.0,387912.0,4218.0,19782.0,11266.0,8364.0,5721.0,1345.0,2744.0,478.0,64921.0,71447.0,43710.0,2013
36,061,"New York County, New York",1626159.0,36.7,72190.0,63336.0,299254.0,18.402505536051518,4.375525394503244,637580.0,332696.0,11067.0,14755.0,23033.0,11903.0,16732.0,3964.0,9701.0,780.0,304884.0,4989.0,24596.0,13645.0,7444.0,7242.0,1942.0,3490.0,678.0,100581.0,135143.0,56643.0,2013
36,081,"Queens County, New York",2296175.0,37.7,56599.0,26463.0,347863.0,15.149672825459731,4.67425174474942,807808.0,458071.0,4047.0,5985.0,12428.0,7609.0,16445.0,2781.0,6815.0,1804.0,349737.0,5093.0,18508.0,14374.0,11997.0,5465.0,1539.0,2436.0,328.0,61067.0,66168.0,42583.0,2013
36,085,"Richmond County, New York",472621.0,39.6,69633.0,32375.0,59539.0,12.59762050353243,3.518040882652273,159861.0,91404.0,1180.0,2127.0,3765.0,2299.0,2924.0,633.0,999.0,235.0,68457.0,1127.0,3361.0,2190.0,1438.0,1282.0,372.0,660.0,0.0,64988.0,85963.0,51220.0,2013
