State,County,Name,Population,Median Age,Household Income,Per Capita Income,Poverty Count,Poverty Rate,Unemployment Rate,Employed_age16+_civilian,Employed_male,Financial_managers_male,Male_business_operations,Financial_specialists_male,Accountants_&_auditors_male,Computer_male,Male_data_scientits,Software_devops_male,Database_&_system_male,Employed_female,Financial_managers_female,Female_business_operations,Financial_specialists_female,Accountants_&_auditors_female,Computer_female,Female_data_scientits,Software_devops_female,Database_&_system_female,Information_age16+_total,Finance_and_insurance,Real_estate,Year
36,005,"Bronx County, New York",1392002.0,32.8,32058.0,16879.0,412139.0,29.60764424189046,7.484903038932416,375393.0,196145.0,1037.0,1655.0,3036.0,1989.0,3083.0,264.0,994.0,809.0,179248.0,649.0,5782.0,4054.0,2772.0,646.0,191.0,182.0,44.0,51105.0,47753.0,41363.0,2011
36,047,"Kings County, New York",2532645.0,34.2,42752.0,23577.0,592789.0,23.405925425790034,5.895022792377139,785394.0,410424.0,3758.0,6513.0,12407.0,7540.0,17076.0,1181.0,9963.0,2687.0,374970.0,3339.0,18439.0,9384.0,6690.0,5266.0,1101.0,2526.0,201.0,58461.0,66901.0,39610.0,2011
36,061,"New York County, New York",1601948.0,36.5,66299.0,59398.0,284572.0,17.764122181244336,5.195674266580438,605158.0,320621.0,10848.0,14441.0,26440.0,9369.0,10377.0,2900.0,4917.0,800.0,284537.0,3994.0,21930.0,13585.0,7661.0,4919.0,1497.0,1650.0,669.0,71553.0,133754.0,52790.0,2011
36,081,"Queens County, New York",2247848.0,37.4,53572.0,25088.0,351223.0,15.624855417270206,5.203376740776067,769707.0,439634.0,4310.0,8442.0,12283.0,9346.0,17178.0,3399.0,6753.0,1285.0,330073.0,4934.0,16688.0,12396.0,9379.0,4813.0,566.0,2046.0,866.0,60613.0,58618.0,45048.0,2011
36,085,"Richmond County, New York",470467.0,38.6,70578.0,30274.0,54365.0,11.555539495862622,3.9350262611405262,156402.0,89000.0,907.0,1219.0,3572.0,2475.0,3287.0,501.0,1078.0,640.0,67402.0,821.0,2950.0,1964.0,1705.0,935.0,75.0,596.0,0.0,71498.0,65113.0,56311.0,2011
