State,County,Name,Population,Median Age,Household Income,Per Capita Income,Poverty Count,Poverty Rate,Unemployment Rate,Employed_age16+_civilian,Employed_male,Financial_managers_male,Male_business_operations,Financial_specialists_male,Accountants_&_auditors_male,Computer_male,Male_data_scientits,Software_devops_male,Database_&_system_male,Employed_female,Financial_managers_female,Female_business_operations,Financial_specialists_female,Accountants_&_auditors_female,Computer_female,Female_data_scientits,Software_devops_female,Database_&_system_female,Information_age16+_total,Finance_and_insurance,Real_estate,Year
36,005,"Bronx County, New York",1438159.0,33.4,33712.0,18158.0,442188.0,30.746808941153237,5.37833438444567,402762.0,217560.0,1430.0,2364.0,3252.0,1847.0,2592.0,263.0,417.0,679.0,185202.0,1775.0,10312.0,3024.0,1723.0,1229.0,418.0,198.0,40.0,51712.0,54105.0,36967.0,2014
36,047,"Kings County, New York",2621793.0,34.5,47966.0,27059.0,607856.0,23.184744180795356,4.288858807693819,843131.0,449260.0,4587.0,10343.0,11821.0,6995.0,18794.0,2443.0,10016.0,1597.0,393871.0,4797.0,26220.0,8698.0,5122.0,5934.0,1152.0,2549.0,330.0,66690.0,76623.0,46028.0,2014
36,061,"New York County, New York",1636268.0,36.6,76089.0,64618.0,279428.0,17.077153620311588,3.8320739634338628,652237.0,345271.0,11858.0,14888.0,21701.0,6228.0,16973.0,4977.0,7335.0,1352.0,306966.0,8568.0,25739.0,14898.0,6516.0,5634.0,1961.0,2584.0,356.0,81318.0,140848.0,55872.0,2014
36,081,"Queens County, New York",2321580.0,37.8,57241.0,26572.0,349127.0,15.038335960854246,4.012569026266594,814682.0,461253.0,3777.0,5620.0,11948.0,8018.0,16605.0,2019.0,6937.0,2447.0,353429.0,5321.0,19918.0,13265.0,8608.0,4863.0,1605.0,1709.0,329.0,58177.0,66506.0,46267.0,2014
36,085,"Richmond County, New York",473279.0,39.7,71121.0,31611.0,67755.0,14.316079944387983,2.892585557356232,151049.0,83439.0,841.0,1407.0,3114.0,1894.0,2721.0,280.0,725.0,670.0,67610.0,716.0,3542.0,1606.0,1164.0,787.0,32.0,633.0,122.0,65244.0,75817.0,51686.0,2014
