State,County,Name,Population,Median Age,Household Income,Per Capita Income,Poverty Count,Poverty Rate,Unemployment Rate,Employed_age16+_civilian,Employed_male,Financial_managers_male,Male_business_operations,Financial_specialists_male,Accountants_&_auditors_male,Computer_male,Male_data_scientits,Software_devops_male,Database_&_system_male,Employed_female,Financial_managers_female,Female_business_operations,Financial_specialists_female,Accountants_&_auditors_female,Computer_female,Female_data_scientits,Software_devops_female,Database_&_system_female,Information_age16+_total,Finance_and_insurance,Real_estate,Year
36,005,"Bronx County, New York",1408473.0,33.0,32460.0,17603.0,426381.0,30.272571785188642,7.057927273011268,381145.0,201891.0,453.0,2489.0,2559.0,1698.0,3285.0,476.0,1146.0,648.0,179254.0,1670.0,8419.0,4782.0,4142.0,1205.0,349.0,313.0,61.0,47232.0,46263.0,37168.0,2012
36,047,"Kings County, New York",2565635.0,34.2,45230.0,24190.0,619707.0,24.154137279854694,5.523778713651786,811493.0,429221.0,3948.0,7477.0,10900.0,7106.0,15452.0,1488.0,9372.0,1307.0,382272.0,3461.0,21115.0,11310.0,8056.0,5102.0,935.0,2676.0,637.0,61247.0,67130.0,42290.0,2012
36,061,"New York County, New York",1619090.0,36.5,67099.0,60290.0,279290.0,17.249813166655343,5.178402682988592,642187.0,337832.0,9972.0,12812.0,25304.0,12736.0,14542.0,3012.0,7959.0,934.0,304355.0,6403.0,24867.0,13628.0,8516.0,6266.0,2155.0,2491.0,384.0,81182.0,121952.0,60391.0,2012
36,081,"Queens County, New York",2272771.0,37.5,54713.0,25352.0,363869.0,16.009927968985878,5.080626248750974,794231.0,452499.0,4661.0,6155.0,12352.0,8722.0,14532.0,2365.0,6748.0,1029.0,341732.0,3399.0,17763.0,12281.0,9642.0,4155.0,1929.0,1310.0,259.0,62493.0,61281.0,45761.0,2012
36,085,"Richmond County, New York",470728.0,38.9,70963.0,29939.0,54028.0,11.47754117027243,3.4168351999456164,154812.0,88871.0,887.0,1809.0,2745.0,1815.0,3051.0,291.0,1115.0,911.0,65941.0,647.0,4056.0,2989.0,2614.0,1382.0,325.0,746.0,82.0,71715.0,72199.0,50825.0,2012
