State,County,Name,Population,Median Age,Household Income,Per Capita Income,Poverty Count,Poverty Rate,Unemployment Rate,Employed_age16+_civilian,Employed_male,Financial_managers_male,Male Business Operations,Financial_specialists_male,Accountants_&_auditors_male,Computer_male,Male Data Scientits,Software_devops_male,Database_&_system_male,Employed_female,Financial_managers_female,Female Business Operations,Financial_specialists_female,Accountants_&_auditors_female,Computer_female,Female Data Scientits,Software_devops_female,Database_&_system_female,Information_age16+_total,Finance_and_insurance,Real_estate,Year
36,005,"Bronx County, New York",1471160.0,34.0,37397.0,20497.0,402384.0,27.351477745452566,5.133500095163001,418442.0,220820.0,1222.0,3087.0,2950.0,2124.0,3142.0,325.0,886.0,525.0,197622.0,1560.0,9802.0,3983.0,2820.0,669.0,128.0,256.0,52.0,56132.0,51252.0,42358.0,2017
36,047,"Kings County, New York",2648771.0,35.2,56942.0,32274.0,519803.0,19.624308783205493,3.2448256191267575,892721.0,465883.0,4861.0,10673.0,11608.0,6516.0,24118.0,3950.0,12181.0,1840.0,426838.0,4880.0,29971.0,11816.0,8246.0,7172.0,1862.0,3866.0,472.0,76848.0,83993.0,50661.0,2017
36,061,"New York County, New York",1664727.0,37.3,85071.0,72057.0,262482.0,15.767269948766375,3.1426774480139987,680034.0,368539.0,12842.0,13591.0,28096.0,9372.0,19746.0,5739.0,10229.0,434.0,311495.0,6038.0,27588.0,10637.0,4513.0,6463.0,2817.0,1592.0,280.0,81778.0,152116.0,67826.0,2017
36,081,"Queens County, New York",2358582.0,38.7,64509.0,29857.0,282514.0,11.978129231885939,2.725451139710216,865134.0,492556.0,3285.0,9739.0,14777.0,9616.0,21811.0,2628.0,9778.0,2072.0,372578.0,4770.0,19595.0,13611.0,10803.0,3542.0,493.0,1731.0,189.0,66725.0,71971.0,51587.0,2017
36,085,"Richmond County, New York",479458.0,40.4,79201.0,35205.0,55779.0,11.633761455643665,2.0660829519999666,165503.0,94401.0,1157.0,2064.0,3274.0,1512.0,4150.0,153.0,2311.0,179.0,71102.0,1060.0,6012.0,2378.0,1715.0,1030.0,79.0,442.0,0.0,81082.0,86126.0,61064.0,2017
